FILENAME,IDENTITY
TRAIN_1.jpg,LEO
TRAIN_2.jpg,LEO
TRAIN_3.jpg,LEO
TRAIN_4.jpg,LEO
TRAIN_5.jpg,LEO
TRAIN_6.jpg,AMEL
TRAIN_7.jpg,AMEL
TRAIN_8.jpg,AMEL
TRAIN_9.jpg,AMEL
TRAIN_10.jpg,AMEL
TRAIN_11.jpg,TANIA
TRAIN_12.jpg,TANIA
TRAIN_13.jpg,TANIA
TRAIN_14.jpg,TANIA
TRAIN_15.jpg,KEVIN
TRAIN_16.jpg,KEVIN
TRAIN_17.jpg,KEVIN
TRAIN_18.jpg,KEVIN
TRAIN_19.jpg,KEVIN
TRAIN_20.jpg,KEVIN
TRAIN_21.jpg,KEVIN
TRAIN_22.jpg,KEVIN
TRAIN_23.jpg,KEVIN
TRAIN_24.jpg,KEVIN
TRAIN_25.jpg,HALO
TRAIN_26.jpg,HALO
TRAIN_27.jpg,HALO
TRAIN_28.jpg,QUICK
TRAIN_29.jpg,QUICK
TRAIN_30.jpg,QUICK
TRAIN_31.jpg,QUICK
TRAIN_32.jpg,QUICK
TRAIN_33.jpg,QUICK
TRAIN_34.jpg,QUICK
TRAIN_35.jpg,QUICK
TRAIN_36.jpg,QUICK
TRAIN_37.jpg,QUICK
TRAIN_38.jpg,QUICK
TRAIN_39.jpg,QUICK
TRAIN_40.jpg,QUICK
TRAIN_41.jpg,QUICK
TRAIN_42.jpg,QUICK
TRAIN_43.jpg,LAURA
TRAIN_44.jpg,LAURA
TRAIN_45.jpg,LAURA
TRAIN_46.jpg,LAURA
TRAIN_47.jpg,LAURA
TRAIN_48.jpg,VAL
TRAIN_49.jpg,VAL
TRAIN_50.jpg,VAL
TRAIN_51.jpg,LEO
TRAIN_52.jpg,LEO
TRAIN_53.jpg,LEO
TRAIN_54.jpg,LEO
TRAIN_55.jpg,LEO
TRAIN_56.jpg,LEO
TRAIN_57.jpg,LEO
TRAIN_58.jpg,LEO
TRAIN_59.jpg,LEO
TRAIN_60.jpg,LEO
TRAIN_61.jpg,AMEL
TRAIN_62.jpg,AMEL
TRAIN_63.jpg,AMEL
TRAIN_64.jpg,AMEL
TRAIN_65.jpg,AMEL
TRAIN_66.jpg,AMEL
TRAIN_67.jpg,AMEL
TRAIN_68.jpg,AMEL
TRAIN_69.jpg,AMEL
TRAIN_70.jpg,AMEL
TRAIN_71.jpg,KEVIN
TRAIN_72.jpg,KEVIN
TRAIN_73.jpg,KEVIN
TRAIN_74.jpg,KEVIN
TRAIN_75.jpg,KEVIN
TRAIN_76.jpg,KEVIN
TRAIN_77.jpg,KEVIN
TRAIN_78.jpg,KEVIN
TRAIN_79.jpg,KEVIN
TRAIN_80.jpg,KEVIN
